{"cameraMode":{"drawMode":0,"name":"Shaded","section":"Shading Mode"},"sceneLighting":true,"audioPlay":false,"sceneViewState":{"m_AlwaysRefresh":false,"showFog":true,"showSkybox":false,"showFlares":true,"showImageEffects":true,"showParticleSystems":true,"showVisualEffectGraphs":true,"m_FxEnabled":true},"in2DMode":false,"pivot":{"x":-4.213832855224609,"y":-11.361352920532227,"z":12.734832763671875},"rotation":{"x":-0.10659407079219818,"y":0.018491093069314958,"z":-0.0019969288259744646,"w":-0.9941776990890503},"size":39.39109420776367,"orthographic":false}