{"cameraMode":{"drawMode":0,"name":"Shaded","section":"Shading Mode"},"sceneLighting":true,"audioPlay":false,"sceneViewState":{"m_AlwaysRefresh":false,"showFog":true,"showSkybox":true,"showFlares":true,"showImageEffects":true,"showParticleSystems":true,"showVisualEffectGraphs":true,"m_FxEnabled":true},"in2DMode":false,"pivot":{"x":1.9360365867614747,"y":1.6257777214050294,"z":-11.487085342407227},"rotation":{"x":-0.1029919907450676,"y":-0.10958456993103028,"z":0.01141743827611208,"w":-0.9885596036911011},"size":12.413165092468262,"orthographic":false}