{"cameraMode":{"drawMode":0,"name":"Shaded","section":"Shading Mode"},"sceneLighting":true,"audioPlay":false,"sceneViewState":{"m_AlwaysRefresh":false,"showFog":true,"showSkybox":true,"showFlares":true,"showImageEffects":true,"showParticleSystems":true,"showVisualEffectGraphs":true,"m_FxEnabled":true},"in2DMode":false,"pivot":{"x":-1.5928618907928467,"y":4.508688926696777,"z":1.4603261947631837},"rotation":{"x":-0.05540306493639946,"y":-0.11595816165208817,"z":0.006482215132564306,"w":-0.9916984438896179},"size":10.279949188232422,"orthographic":false}